faviorate_ratio,MovingTime,MovingDistance,satisfaction_score
0.3128,1.3692,3.3868,0.6120739178946363
0.6293,1.0879,2.5749,0.7541803725134165
