faviorate_ratio,MovingTime,MovingDistance,satisfaction_score
0.33630000000000004,1.3763,3.4342,0.24685551013294948
0.3081,1.862,3.7944,0.2565751549418562
