{
    "sigmoid_15_DIM_60": {
        "request_number": 453,
        "basic_tariff_mean": 3924.817141230068,
        "current_tariff_mean": 3750.324028765427,
        "overload_penalty_mean": 509.66324910381064,
        "incentive_cost": 114.35,
        "average_profit": -7981.254419099304,
        "var_1": 0.107,
        "var_2": 0.1302,
        "average_time": 1.9029,
        "average_distance": 3.9491,
        "average_unfavored_type": 0.7064,
        "average_unfavored_type_04": 0.6821,
        "average_unfavored_type_03": 0.6711,
        "favor_ratio": 0.2749,
        "satisfaction_score": 0.2513
    },
    "sigmoid_15_DIM_110": {
        "request_number": 474,
        "basic_tariff_mean": 3924.817141230068,
        "current_tariff_mean": 3753.080028765426,
        "overload_penalty_mean": 507.9022299600895,
        "incentive_cost": 123.1,
        "average_profit": -7982.249399955585,
        "var_1": 0.1044,
        "var_2": 0.1291,
        "average_time": 2.0802,
        "average_distance": 3.7053,
        "average_unfavored_type": 0.6983,
        "average_unfavored_type_04": 0.7046,
        "average_unfavored_type_03": 0.6709,
        "favor_ratio": 0.2792,
        "satisfaction_score": 0.2471
    },
    "sigmoid_15_DIM_160": {
        "request_number": 474,
        "basic_tariff_mean": 3924.817141230068,
        "current_tariff_mean": 3749.595528765426,
        "overload_penalty_mean": 497.4631879251212,
        "incentive_cost": 123.55,
        "average_profit": -7968.325857920618,
        "var_1": 0.1052,
        "var_2": 0.131,
        "average_time": 2.2131,
        "average_distance": 3.839,
        "average_unfavored_type": 0.7068,
        "average_unfavored_type_04": 0.7025,
        "average_unfavored_type_03": 0.692,
        "favor_ratio": 0.2724,
        "satisfaction_score": 0.2513
    },
    "sigmoid_15_DIM_210": {
        "request_number": 488,
        "basic_tariff_mean": 3924.817141230068,
        "current_tariff_mean": 3750.1900287654266,
        "overload_penalty_mean": 503.4606766900429,
        "incentive_cost": 128.7,
        "average_profit": -7974.917846685537,
        "var_1": 0.106,
        "var_2": 0.1303,
        "average_time": 1.7848,
        "average_distance": 3.9051,
        "average_unfavored_type": 0.6639,
        "average_unfavored_type_04": 0.6434,
        "average_unfavored_type_03": 0.6373,
        "favor_ratio": 0.3142,
        "satisfaction_score": 0.2612
    },
    "sigmoid_2_DIM_60": {
        "request_number": 463,
        "basic_tariff_mean": 3924.817141230068,
        "current_tariff_mean": 3747.452028765427,
        "overload_penalty_mean": 498.8228940493016,
        "incentive_cost": 118.5,
        "average_profit": -7967.5420640447965,
        "var_1": 0.1054,
        "var_2": 0.1284,
        "average_time": 1.9633,
        "average_distance": 4.0093,
        "average_unfavored_type": 0.6911,
        "average_unfavored_type_04": 0.6782,
        "average_unfavored_type_03": 0.6631,
        "favor_ratio": 0.2881,
        "satisfaction_score": 0.2586
    },
    "sigmoid_2_DIM_110": {
        "request_number": 487,
        "basic_tariff_mean": 3924.817141230068,
        "current_tariff_mean": 3750.6195287654264,
        "overload_penalty_mean": 514.2781134834753,
        "incentive_cost": 123.3,
        "average_profit": -7986.164783478971,
        "var_1": 0.107,
        "var_2": 0.1348,
        "average_time": 1.9754,
        "average_distance": 3.9801,
        "average_unfavored_type": 0.694,
        "average_unfavored_type_04": 0.6776,
        "average_unfavored_type_03": 0.6653,
        "favor_ratio": 0.2828,
        "satisfaction_score": 0.256
    },
    "sigmoid_2_DIM_160": {
        "request_number": 468,
        "basic_tariff_mean": 3924.817141230068,
        "current_tariff_mean": 3747.9975287654256,
        "overload_penalty_mean": 534.7059899230092,
        "incentive_cost": 117.0,
        "average_profit": -8003.970659918506,
        "var_1": 0.1074,
        "var_2": 0.1322,
        "average_time": 1.9936,
        "average_distance": 3.7024,
        "average_unfavored_type": 0.6496,
        "average_unfavored_type_04": 0.6474,
        "average_unfavored_type_03": 0.6325,
        "favor_ratio": 0.3187,
        "satisfaction_score": 0.2589
    },
    "sigmoid_2_DIM_210": {
        "request_number": 476,
        "basic_tariff_mean": 3924.817141230068,
        "current_tariff_mean": 3745.483028765426,
        "overload_penalty_mean": 486.95650122136897,
        "incentive_cost": 122.35,
        "average_profit": -7953.706671216863,
        "var_1": 0.1038,
        "var_2": 0.1279,
        "average_time": 2.0126,
        "average_distance": 3.8631,
        "average_unfavored_type": 0.7059,
        "average_unfavored_type_04": 0.6912,
        "average_unfavored_type_03": 0.6744,
        "favor_ratio": 0.2801,
        "satisfaction_score": 0.2517
    },
    "sigmoid_25_DIM_60": {
        "request_number": 494,
        "basic_tariff_mean": 3924.817141230068,
        "current_tariff_mean": 3751.9375287654266,
        "overload_penalty_mean": 499.0357837477619,
        "incentive_cost": 119.3,
        "average_profit": -7972.240453743257,
        "var_1": 0.1056,
        "var_2": 0.1326,
        "average_time": 1.7551,
        "average_distance": 4.0027,
        "average_unfavored_type": 0.7308,
        "average_unfavored_type_04": 0.7126,
        "average_unfavored_type_03": 0.7024,
        "favor_ratio": 0.2581,
        "satisfaction_score": 0.2453
    },
    "sigmoid_25_DIM_110": {
        "request_number": 525,
        "basic_tariff_mean": 3924.817141230068,
        "current_tariff_mean": 3748.780028765426,
        "overload_penalty_mean": 520.7613427048482,
        "incentive_cost": 128.7,
        "average_profit": -7990.808512700343,
        "var_1": 0.1064,
        "var_2": 0.1326,
        "average_time": 2.0114,
        "average_distance": 3.9089,
        "average_unfavored_type": 0.68,
        "average_unfavored_type_04": 0.6648,
        "average_unfavored_type_03": 0.6514,
        "favor_ratio": 0.3017,
        "satisfaction_score": 0.2604
    },
    "sigmoid_25_DIM_160": {
        "request_number": 496,
        "basic_tariff_mean": 3924.817141230068,
        "current_tariff_mean": 3749.5565287654267,
        "overload_penalty_mean": 486.49811792835845,
        "incentive_cost": 123.55,
        "average_profit": -7957.321787923854,
        "var_1": 0.1083,
        "var_2": 0.1337,
        "average_time": 1.998,
        "average_distance": 3.824,
        "average_unfavored_type": 0.6532,
        "average_unfavored_type_04": 0.6532,
        "average_unfavored_type_03": 0.6391,
        "favor_ratio": 0.3121,
        "satisfaction_score": 0.2609
    },
    "sigmoid_25_DIM_210": {
        "request_number": 492,
        "basic_tariff_mean": 3924.817141230068,
        "current_tariff_mean": 3750.1675287654266,
        "overload_penalty_mean": 503.28936678027657,
        "incentive_cost": 130.6,
        "average_profit": -7974.724036775772,
        "var_1": 0.1105,
        "var_2": 0.1334,
        "average_time": 1.9959,
        "average_distance": 4.0209,
        "average_unfavored_type": 0.685,
        "average_unfavored_type_04": 0.687,
        "average_unfavored_type_03": 0.6667,
        "favor_ratio": 0.2795,
        "satisfaction_score": 0.2566
    }
}