{
    "sigmoid_15_DIM_60": {
        "request_number": 465,
        "basic_tariff_mean": 3924.817141230068,
        "current_tariff_mean": 3763.010528765427,
        "overload_penalty_mean": 612.5415506508509,
        "average_revenue": -8097.119220646344,
        "var_1": 0.1124,
        "var_2": 0.1452,
        "average_time": 1.4108,
        "average_distance": 3.8404,
        "average_unfavored_type": 0.6796,
        "average_unfavored_type_04": 0.6774,
        "average_unfavored_type_03": 0.6624,
        "favor_ratio": 0.294,
        "satisfaction_score": 0.2469
    },
    "sigmoid_15_DIM_110": {
        "request_number": 466,
        "basic_tariff_mean": 3924.817141230068,
        "current_tariff_mean": 3760.2285287654267,
        "overload_penalty_mean": 651.8593046807871,
        "average_revenue": -8133.654974676281,
        "var_1": 0.1086,
        "var_2": 0.1389,
        "average_time": 1.4807,
        "average_distance": 3.6994,
        "average_unfavored_type": 0.6567,
        "average_unfavored_type_04": 0.6502,
        "average_unfavored_type_03": 0.6352,
        "favor_ratio": 0.3135,
        "satisfaction_score": 0.2497
    },
    "sigmoid_15_DIM_160": {
        "request_number": 418,
        "basic_tariff_mean": 3924.817141230068,
        "current_tariff_mean": 3760.343528765427,
        "overload_penalty_mean": 637.1996737360306,
        "average_revenue": -8119.860343731523,
        "var_1": 0.1029,
        "var_2": 0.1329,
        "average_time": 1.6507,
        "average_distance": 3.7361,
        "average_unfavored_type": 0.6794,
        "average_unfavored_type_04": 0.6699,
        "average_unfavored_type_03": 0.6531,
        "favor_ratio": 0.3067,
        "satisfaction_score": 0.2511
    },
    "sigmoid_15_DIM_210": {
        "request_number": 448,
        "basic_tariff_mean": 3924.817141230068,
        "current_tariff_mean": 3768.730028765426,
        "overload_penalty_mean": 670.2445971651262,
        "average_revenue": -8160.991767160621,
        "var_1": 0.1067,
        "var_2": 0.1397,
        "average_time": 1.3728,
        "average_distance": 3.7741,
        "average_unfavored_type": 0.7143,
        "average_unfavored_type_04": 0.7232,
        "average_unfavored_type_03": 0.7054,
        "favor_ratio": 0.2674,
        "satisfaction_score": 0.2352
    },
    "sigmoid_2_DIM_60": {
        "request_number": 432,
        "basic_tariff_mean": 3924.817141230068,
        "current_tariff_mean": 3761.4805287654262,
        "overload_penalty_mean": 645.7820764419073,
        "average_revenue": -8129.279746437402,
        "var_1": 0.107,
        "var_2": 0.1363,
        "average_time": 1.4375,
        "average_distance": 3.8541,
        "average_unfavored_type": 0.6713,
        "average_unfavored_type_04": 0.6829,
        "average_unfavored_type_03": 0.669,
        "favor_ratio": 0.2862,
        "satisfaction_score": 0.2451
    },
    "sigmoid_2_DIM_110": {
        "request_number": 481,
        "basic_tariff_mean": 3924.817141230068,
        "current_tariff_mean": 3758.855028765426,
        "overload_penalty_mean": 626.4048761573711,
        "average_revenue": -8107.127046152865,
        "var_1": 0.105,
        "var_2": 0.1365,
        "average_time": 1.5343,
        "average_distance": 3.7807,
        "average_unfavored_type": 0.6757,
        "average_unfavored_type_04": 0.6715,
        "average_unfavored_type_03": 0.6653,
        "favor_ratio": 0.3062,
        "satisfaction_score": 0.2507
    },
    "sigmoid_2_DIM_160": {
        "request_number": 470,
        "basic_tariff_mean": 3924.817141230068,
        "current_tariff_mean": 3765.252028765426,
        "overload_penalty_mean": 611.4298446911574,
        "average_revenue": -8098.249014686652,
        "var_1": 0.1094,
        "var_2": 0.1404,
        "average_time": 1.4021,
        "average_distance": 3.6989,
        "average_unfavored_type": 0.7,
        "average_unfavored_type_04": 0.6851,
        "average_unfavored_type_03": 0.6723,
        "favor_ratio": 0.2923,
        "satisfaction_score": 0.2414
    },
    "sigmoid_2_DIM_210": {
        "request_number": 458,
        "basic_tariff_mean": 3924.817141230068,
        "current_tariff_mean": 3768.762028765426,
        "overload_penalty_mean": 679.2932297395516,
        "average_revenue": -8169.472399735045,
        "var_1": 0.1111,
        "var_2": 0.1428,
        "average_time": 1.3777,
        "average_distance": 3.8241,
        "average_unfavored_type": 0.7031,
        "average_unfavored_type_04": 0.6921,
        "average_unfavored_type_03": 0.6812,
        "favor_ratio": 0.2885,
        "satisfaction_score": 0.244
    },
    "sigmoid_25_DIM_60": {
        "request_number": 462,
        "basic_tariff_mean": 3924.817141230068,
        "current_tariff_mean": 3767.678528765426,
        "overload_penalty_mean": 614.8406592774684,
        "average_revenue": -8103.936329272963,
        "var_1": 0.1101,
        "var_2": 0.1401,
        "average_time": 1.3398,
        "average_distance": 3.6631,
        "average_unfavored_type": 0.6537,
        "average_unfavored_type_04": 0.6515,
        "average_unfavored_type_03": 0.6385,
        "favor_ratio": 0.3153,
        "satisfaction_score": 0.247
    },
    "sigmoid_25_DIM_110": {
        "request_number": 469,
        "basic_tariff_mean": 3924.817141230068,
        "current_tariff_mean": 3761.7865287654267,
        "overload_penalty_mean": 662.7811215528775,
        "average_revenue": -8146.584791548373,
        "var_1": 0.1097,
        "var_2": 0.1399,
        "average_time": 1.4456,
        "average_distance": 3.7203,
        "average_unfavored_type": 0.6802,
        "average_unfavored_type_04": 0.6866,
        "average_unfavored_type_03": 0.6716,
        "favor_ratio": 0.2913,
        "satisfaction_score": 0.2425
    },
    "sigmoid_25_DIM_160": {
        "request_number": 471,
        "basic_tariff_mean": 3924.817141230068,
        "current_tariff_mean": 3765.6185287654253,
        "overload_penalty_mean": 689.7138478970157,
        "average_revenue": -8177.34951789251,
        "var_1": 0.1073,
        "var_2": 0.1401,
        "average_time": 1.6221,
        "average_distance": 3.6809,
        "average_unfavored_type": 0.6645,
        "average_unfavored_type_04": 0.6773,
        "average_unfavored_type_03": 0.6688,
        "favor_ratio": 0.2998,
        "satisfaction_score": 0.2465
    },
    "sigmoid_25_DIM_210": {
        "request_number": 455,
        "basic_tariff_mean": 3924.817141230068,
        "current_tariff_mean": 3761.700528765426,
        "overload_penalty_mean": 648.8981250744301,
        "average_revenue": -8132.015795069927,
        "var_1": 0.1055,
        "var_2": 0.1387,
        "average_time": 1.6066,
        "average_distance": 3.8256,
        "average_unfavored_type": 0.7121,
        "average_unfavored_type_04": 0.7165,
        "average_unfavored_type_03": 0.7055,
        "favor_ratio": 0.2703,
        "satisfaction_score": 0.2413
    }
}