{
    "sigmoid_15_epsilon_1": {
        "request_number": 465,
        "basic_tariff_mean": 3924.817141230068,
        "current_tariff_mean": 3752.373028765426,
        "overload_penalty_mean": 493.0235376909729,
        "incentive_cost": 124.65,
        "average_profit": -7966.663707686469,
        "var_1": 0.1072,
        "var_2": 0.1232,
        "average_time": 1.8688,
        "average_distance": 4.1609,
        "average_unfavored_type": 0.6989,
        "average_unfavored_type_04": 0.6968,
        "average_unfavored_type_03": 0.6796,
        "favor_ratio": 0.2897,
        "satisfaction_score": 0.2628,
        "satisfaction_score_2": 0.5617585463130813
    },
    "sigmoid_15_epsilon_3": {
        "request_number": 461,
        "basic_tariff_mean": 3924.817141230068,
        "current_tariff_mean": 3753.502028765426,
        "overload_penalty_mean": 500.5080463696304,
        "incentive_cost": 126.85,
        "average_profit": -7975.277216365126,
        "var_1": 0.1041,
        "var_2": 0.1309,
        "average_time": 1.7223,
        "average_distance": 3.8712,
        "average_unfavored_type": 0.679,
        "average_unfavored_type_04": 0.6725,
        "average_unfavored_type_03": 0.6616,
        "favor_ratio": 0.3014,
        "satisfaction_score": 0.2549,
        "satisfaction_score_2": 0.5802579402077243
    },
    "sigmoid_15_epsilon_7": {
        "request_number": 442,
        "basic_tariff_mean": 3924.817141230068,
        "current_tariff_mean": 3751.4515287654262,
        "overload_penalty_mean": 495.46554363299913,
        "incentive_cost": 122.55,
        "average_profit": -7968.184213628493,
        "var_1": 0.1027,
        "var_2": 0.1304,
        "average_time": 1.6448,
        "average_distance": 3.9828,
        "average_unfavored_type": 0.6833,
        "average_unfavored_type_04": 0.6765,
        "average_unfavored_type_03": 0.6606,
        "favor_ratio": 0.2921,
        "satisfaction_score": 0.2544,
        "satisfaction_score_2": 0.5759983934629004
    },
    "sigmoid_15_epsilon_9": {
        "request_number": 452,
        "basic_tariff_mean": 3924.817141230068,
        "current_tariff_mean": 3752.1305287654263,
        "overload_penalty_mean": 523.5625051220077,
        "incentive_cost": 127.05,
        "average_profit": -7996.960175117504,
        "var_1": 0.1067,
        "var_2": 0.1361,
        "average_time": 1.6881,
        "average_distance": 3.8013,
        "average_unfavored_type": 0.6659,
        "average_unfavored_type_04": 0.6681,
        "average_unfavored_type_03": 0.646,
        "favor_ratio": 0.3134,
        "satisfaction_score": 0.2561,
        "satisfaction_score_2": 0.5877422710093657
    },
    "sigmoid_2_epsilon_1": {
        "request_number": 488,
        "basic_tariff_mean": 3924.817141230068,
        "current_tariff_mean": 3757.4450287654267,
        "overload_penalty_mean": 493.6505603100606,
        "incentive_cost": 129.15,
        "average_profit": -7972.362730305553,
        "var_1": 0.1088,
        "var_2": 0.1327,
        "average_time": 1.5533,
        "average_distance": 3.8207,
        "average_unfavored_type": 0.6844,
        "average_unfavored_type_04": 0.6701,
        "average_unfavored_type_03": 0.6639,
        "favor_ratio": 0.2986,
        "satisfaction_score": 0.2498,
        "satisfaction_score_2": 0.5866516269814425
    },
    "sigmoid_2_epsilon_3": {
        "request_number": 477,
        "basic_tariff_mean": 3924.817141230068,
        "current_tariff_mean": 3754.2900287654265,
        "overload_penalty_mean": 520.759872918465,
        "incentive_cost": 129.9,
        "average_profit": -7996.31704291396,
        "var_1": 0.1051,
        "var_2": 0.1314,
        "average_time": 1.587,
        "average_distance": 3.7539,
        "average_unfavored_type": 0.6939,
        "average_unfavored_type_04": 0.696,
        "average_unfavored_type_03": 0.6792,
        "favor_ratio": 0.2903,
        "satisfaction_score": 0.2453,
        "satisfaction_score_2": 0.5850019888920239
    },
    "sigmoid_2_epsilon_7": {
        "request_number": 512,
        "basic_tariff_mean": 3924.817141230068,
        "current_tariff_mean": 3753.890528765426,
        "overload_penalty_mean": 497.9723528747024,
        "incentive_cost": 128.35,
        "average_profit": -7973.130022870197,
        "var_1": 0.1079,
        "var_2": 0.1404,
        "average_time": 1.7715,
        "average_distance": 3.773,
        "average_unfavored_type": 0.6562,
        "average_unfavored_type_04": 0.6504,
        "average_unfavored_type_03": 0.6348,
        "favor_ratio": 0.3162,
        "satisfaction_score": 0.2572,
        "satisfaction_score_2": 0.5868447397030203
    },
    "sigmoid_2_epsilon_9": {
        "request_number": 497,
        "basic_tariff_mean": 3924.817141230068,
        "current_tariff_mean": 3750.210528765426,
        "overload_penalty_mean": 504.1252649200599,
        "incentive_cost": 126.6,
        "average_profit": -7975.602934915556,
        "var_1": 0.1048,
        "var_2": 0.1343,
        "average_time": 1.7686,
        "average_distance": 3.4708,
        "average_unfavored_type": 0.668,
        "average_unfavored_type_04": 0.67,
        "average_unfavored_type_03": 0.6459,
        "favor_ratio": 0.3091,
        "satisfaction_score": 0.2447,
        "satisfaction_score_2": 0.5947100296637652
    },
    "sigmoid_25_epsilon_1": {
        "request_number": 500,
        "basic_tariff_mean": 3924.817141230068,
        "current_tariff_mean": 3756.979528765427,
        "overload_penalty_mean": 483.87148799081916,
        "incentive_cost": 130.25,
        "average_profit": -7962.118157986316,
        "var_1": 0.1134,
        "var_2": 0.1289,
        "average_time": 1.848,
        "average_distance": 3.9097,
        "average_unfavored_type": 0.706,
        "average_unfavored_type_04": 0.704,
        "average_unfavored_type_03": 0.676,
        "favor_ratio": 0.2762,
        "satisfaction_score": 0.2496,
        "satisfaction_score_2": 0.5663767136574639
    },
    "sigmoid_25_epsilon_3": {
        "request_number": 497,
        "basic_tariff_mean": 3924.817141230068,
        "current_tariff_mean": 3757.0025287654257,
        "overload_penalty_mean": 505.41492018965164,
        "incentive_cost": 128.4,
        "average_profit": -7983.684590185146,
        "var_1": 0.1056,
        "var_2": 0.1337,
        "average_time": 1.6358,
        "average_distance": 3.8721,
        "average_unfavored_type": 0.672,
        "average_unfavored_type_04": 0.664,
        "average_unfavored_type_03": 0.6519,
        "favor_ratio": 0.2977,
        "satisfaction_score": 0.2524,
        "satisfaction_score_2": 0.581877755690965
    },
    "sigmoid_25_epsilon_7": {
        "request_number": 512,
        "basic_tariff_mean": 3924.817141230068,
        "current_tariff_mean": 3752.877028765426,
        "overload_penalty_mean": 526.8647856449886,
        "incentive_cost": 132.1,
        "average_profit": -8001.008955640483,
        "var_1": 0.104,
        "var_2": 0.1344,
        "average_time": 1.8145,
        "average_distance": 3.9152,
        "average_unfavored_type": 0.6816,
        "average_unfavored_type_04": 0.6641,
        "average_unfavored_type_03": 0.6543,
        "favor_ratio": 0.3121,
        "satisfaction_score": 0.2613,
        "satisfaction_score_2": 0.5792755860550457
    },
    "sigmoid_25_epsilon_9": {
        "request_number": 503,
        "basic_tariff_mean": 3924.817141230068,
        "current_tariff_mean": 3755.280028765426,
        "overload_penalty_mean": 570.0962860094421,
        "incentive_cost": 127.3,
        "average_profit": -8046.643456004936,
        "var_1": 0.1069,
        "var_2": 0.1381,
        "average_time": 1.5785,
        "average_distance": 3.8955,
        "average_unfavored_type": 0.672,
        "average_unfavored_type_04": 0.6521,
        "average_unfavored_type_03": 0.6461,
        "favor_ratio": 0.3076,
        "satisfaction_score": 0.2557,
        "satisfaction_score_2": 0.5863029582552223
    }
}