{
    "sigmoid_15_epsilon_1": {
        "request_number": 463,
        "basic_tariff_mean": 3924.817141230068,
        "current_tariff_mean": 3756.801528765426,
        "overload_penalty_mean": 496.84168367772037,
        "average_revenue": -7974.910353673215,
        "var_1": 0.1079,
        "var_2": 0.1261,
        "average_time": 1.5961,
        "average_distance": 3.8258,
        "average_unfavored_type": 0.6739,
        "average_unfavored_type_04": 0.6695,
        "average_unfavored_type_03": 0.6631,
        "favor_ratio": 0.3087,
        "satisfaction_score": 0.254
    },
    "sigmoid_15_epsilon_3": {
        "request_number": 473,
        "basic_tariff_mean": 3924.817141230068,
        "current_tariff_mean": 3759.7225287654264,
        "overload_penalty_mean": 493.2760431380646,
        "average_revenue": -7974.26571313356,
        "var_1": 0.1079,
        "var_2": 0.1329,
        "average_time": 1.6258,
        "average_distance": 3.7353,
        "average_unfavored_type": 0.666,
        "average_unfavored_type_04": 0.6596,
        "average_unfavored_type_03": 0.6512,
        "favor_ratio": 0.3184,
        "satisfaction_score": 0.2546
    },
    "sigmoid_15_epsilon_7": {
        "request_number": 483,
        "basic_tariff_mean": 3924.817141230068,
        "current_tariff_mean": 3753.342528765426,
        "overload_penalty_mean": 497.14670915366014,
        "average_revenue": -7971.756379149153,
        "var_1": 0.1062,
        "var_2": 0.1363,
        "average_time": 1.646,
        "average_distance": 3.6452,
        "average_unfavored_type": 0.6667,
        "average_unfavored_type_04": 0.648,
        "average_unfavored_type_03": 0.6315,
        "favor_ratio": 0.3209,
        "satisfaction_score": 0.2527
    },
    "sigmoid_15_epsilon_9": {
        "request_number": 462,
        "basic_tariff_mean": 3924.817141230068,
        "current_tariff_mean": 3751.6805287654265,
        "overload_penalty_mean": 530.149582626713,
        "average_revenue": -8003.097252622206,
        "var_1": 0.1053,
        "var_2": 0.1332,
        "average_time": 1.7619,
        "average_distance": 3.5725,
        "average_unfavored_type": 0.645,
        "average_unfavored_type_04": 0.6429,
        "average_unfavored_type_03": 0.6277,
        "favor_ratio": 0.3282,
        "satisfaction_score": 0.2544
    },
    "sigmoid_2_epsilon_1": {
        "request_number": 475,
        "basic_tariff_mean": 3924.817141230068,
        "current_tariff_mean": 3755.993528765426,
        "overload_penalty_mean": 508.28179817669286,
        "average_revenue": -7985.542468172187,
        "var_1": 0.1098,
        "var_2": 0.1285,
        "average_time": 2.0105,
        "average_distance": 3.9546,
        "average_unfavored_type": 0.6695,
        "average_unfavored_type_04": 0.6737,
        "average_unfavored_type_03": 0.6716,
        "favor_ratio": 0.3069,
        "satisfaction_score": 0.2637
    },
    "sigmoid_2_epsilon_3": {
        "request_number": 482,
        "basic_tariff_mean": 3924.817141230068,
        "current_tariff_mean": 3752.915528765426,
        "overload_penalty_mean": 498.5124801173899,
        "average_revenue": -7972.695150112884,
        "var_1": 0.1054,
        "var_2": 0.1289,
        "average_time": 1.7552,
        "average_distance": 3.7719,
        "average_unfavored_type": 0.6846,
        "average_unfavored_type_04": 0.6722,
        "average_unfavored_type_03": 0.6515,
        "favor_ratio": 0.2991,
        "satisfaction_score": 0.2513
    },
    "sigmoid_2_epsilon_7": {
        "request_number": 485,
        "basic_tariff_mean": 3924.817141230068,
        "current_tariff_mean": 3754.2225287654264,
        "overload_penalty_mean": 526.9084453244503,
        "average_revenue": -8002.398115319945,
        "var_1": 0.1028,
        "var_2": 0.132,
        "average_time": 1.7402,
        "average_distance": 3.7622,
        "average_unfavored_type": 0.6845,
        "average_unfavored_type_04": 0.6742,
        "average_unfavored_type_03": 0.6619,
        "favor_ratio": 0.2975,
        "satisfaction_score": 0.2502
    },
    "sigmoid_2_epsilon_9": {
        "request_number": 503,
        "basic_tariff_mean": 3924.817141230068,
        "current_tariff_mean": 3752.5855287654267,
        "overload_penalty_mean": 525.1711471754272,
        "average_revenue": -7999.023817170921,
        "var_1": 0.107,
        "var_2": 0.1357,
        "average_time": 1.8191,
        "average_distance": 3.9933,
        "average_unfavored_type": 0.672,
        "average_unfavored_type_04": 0.6521,
        "average_unfavored_type_03": 0.6382,
        "favor_ratio": 0.3078,
        "satisfaction_score": 0.2625
    },
    "sigmoid_25_epsilon_1": {
        "request_number": 525,
        "basic_tariff_mean": 3924.817141230068,
        "current_tariff_mean": 3756.765528765426,
        "overload_penalty_mean": 513.4239698965627,
        "average_revenue": -7991.456639892058,
        "var_1": 0.1054,
        "var_2": 0.1312,
        "average_time": 1.4762,
        "average_distance": 3.8273,
        "average_unfavored_type": 0.619,
        "average_unfavored_type_04": 0.6095,
        "average_unfavored_type_03": 0.6057,
        "favor_ratio": 0.3453,
        "satisfaction_score": 0.2645
    },
    "sigmoid_25_epsilon_3": {
        "request_number": 507,
        "basic_tariff_mean": 3924.817141230068,
        "current_tariff_mean": 3751.446028765427,
        "overload_penalty_mean": 507.85448970579364,
        "average_revenue": -7980.567659701288,
        "var_1": 0.1066,
        "var_2": 0.1316,
        "average_time": 1.856,
        "average_distance": 4.0963,
        "average_unfavored_type": 0.6667,
        "average_unfavored_type_04": 0.6588,
        "average_unfavored_type_03": 0.6469,
        "favor_ratio": 0.3109,
        "satisfaction_score": 0.2675
    },
    "sigmoid_25_epsilon_7": {
        "request_number": 505,
        "basic_tariff_mean": 3924.817141230068,
        "current_tariff_mean": 3756.636528765427,
        "overload_penalty_mean": 552.1180753387746,
        "average_revenue": -8030.02174533427,
        "var_1": 0.106,
        "var_2": 0.1367,
        "average_time": 1.8099,
        "average_distance": 3.7568,
        "average_unfavored_type": 0.6851,
        "average_unfavored_type_04": 0.6713,
        "average_unfavored_type_03": 0.6554,
        "favor_ratio": 0.3001,
        "satisfaction_score": 0.2519
    },
    "sigmoid_25_epsilon_9": {
        "request_number": 474,
        "basic_tariff_mean": 3924.817141230068,
        "current_tariff_mean": 3755.038528765426,
        "overload_penalty_mean": 498.7394720907936,
        "average_revenue": -7975.045142086288,
        "var_1": 0.1055,
        "var_2": 0.1316,
        "average_time": 1.9451,
        "average_distance": 3.7685,
        "average_unfavored_type": 0.6561,
        "average_unfavored_type_04": 0.6435,
        "average_unfavored_type_03": 0.635,
        "favor_ratio": 0.3081,
        "satisfaction_score": 0.2569
    }
}