{"('0%', 0, 1)": 0.8888888888888888, "('0%', 0, 2)": 0.5, "('0%', 0, 3)": 0.75, "('0%', 0, 4)": 0.75, "('0%', 0, 5)": 0.5, "('0%', 0, 6)": 0, "('0%', 1, 1)": 0.6666666666666666, "('0%', 1, 2)": 0.5, "('0%', 1, 3)": 0.5, "('0%', 1, 4)": 0.5, "('0%', 1, 5)": 0.6666666666666666, "('0%', 1, 6)": 0, "('0%', 2, 1)": 0.5, "('0%', 2, 2)": 0.6666666666666666, "('0%', 2, 3)": 0.6666666666666666, "('0%', 2, 4)": 0.6666666666666666, "('0%', 2, 5)": 0.5, "('0%', 2, 6)": 0, "('0%', 3, 1)": 0.5, "('0%', 3, 2)": 0.2, "('0%', 3, 3)": 0.8333333333333334, "('0%', 3, 4)": 0.5, "('0%', 3, 5)": 0.5, "('0%', 3, 6)": 0, "('0%', 4, 1)": 0.3333333333333333, "('0%', 4, 2)": 0.3333333333333333, "('0%', 4, 3)": 0.5, "('0%', 4, 4)": 0.5, "('0%', 4, 5)": 0.5, "('0%', 4, 6)": 0, "('0%', 5, 1)": 0.5, "('0%', 5, 2)": 0.5, "('0%', 5, 3)": 0.5, "('0%', 5, 4)": 0.5, "('0%', 5, 5)": 0.6666666666666666, "('0%', 5, 6)": 0, "('0%', 6, 1)": 0.6666666666666666, "('0%', 6, 2)": 0.5, "('0%', 6, 3)": 0.875, "('0%', 6, 4)": 0.3333333333333333, "('0%', 6, 5)": 0.8571428571428571, "('0%', 6, 6)": 0, "('0%', 7, 1)": 0.9333333333333333, "('0%', 7, 2)": 0.5, "('0%', 7, 3)": 0.5, "('0%', 7, 4)": 0.5, "('0%', 7, 5)": 0.5, "('0%', 7, 6)": 0, "('0%', 8, 1)": 0.5, "('0%', 8, 2)": 0.75, "('0%', 8, 3)": 0.5, "('0%', 8, 4)": 0.6666666666666666, "('0%', 8, 5)": 0.6666666666666666, "('0%', 8, 6)": 0, "('0%', 9, 1)": 0.25, "('0%', 9, 2)": 0.5, "('0%', 9, 3)": 0.6666666666666666, "('0%', 9, 4)": 0.8, "('0%', 9, 5)": 0.5, "('0%', 9, 6)": 0, "('0%', 10, 1)": 0.5, "('0%', 10, 2)": 0.5, "('0%', 10, 3)": 0.5, "('0%', 10, 4)": 0.5, "('0%', 10, 5)": 0.5, "('0%', 10, 6)": 0, "('0%', 11, 1)": 0, "('0%', 11, 2)": 0.5, "('0%', 11, 3)": 0.3333333333333333, "('0%', 11, 4)": 0.5, "('0%', 11, 5)": 0.6666666666666666, "('0%', 11, 6)": 0, "('0%', 12, 1)": 0.0, "('0%', 12, 2)": 0.0, "('0%', 12, 3)": 0.3333333333333333, "('0%', 12, 4)": 0.25, "('0%', 12, 5)": 0.8, "('0%', 12, 6)": 0, "('0%', 13, 1)": 0, "('0%', 13, 2)": 0.0, "('0%', 13, 3)": 0.3333333333333333, "('0%', 13, 4)": 0.5, "('0%', 13, 5)": 0.75, "('0%', 13, 6)": 0, "('0%', 14, 1)": 0, "('0%', 14, 2)": 0, "('0%', 14, 3)": 0, "('0%', 14, 4)": 0, "('0%', 14, 5)": 0.6666666666666666, "('0%', 14, 6)": 0, "('0%', 15, 1)": 0, "('0%', 15, 2)": 0, "('0%', 15, 3)": 0, "('0%', 15, 4)": 0, "('0%', 15, 5)": 0, "('0%', 15, 6)": 0, "('0%', 16, 1)": 0, "('0%', 16, 2)": 0, "('0%', 16, 3)": 0, "('0%', 16, 4)": 0, "('0%', 16, 5)": 0, "('0%', 16, 6)": 0, "('0%', 17, 1)": 0, "('0%', 17, 2)": 0, "('0%', 17, 3)": 0, "('0%', 17, 4)": 0, "('0%', 17, 5)": 0, "('0%', 17, 6)": 0, "('0%', 18, 1)": 0, "('0%', 18, 2)": 0, "('0%', 18, 3)": 0, "('0%', 18, 4)": 0, "('0%', 18, 5)": 0, "('0%', 18, 6)": 0, "('0%', 19, 1)": 0, "('0%', 19, 2)": 0, "('0%', 19, 3)": 0, "('0%', 19, 4)": 0, "('0%', 19, 5)": 0, "('0%', 19, 6)": 0, "('0%', 20, 1)": 0, "('0%', 20, 2)": 0, "('0%', 20, 3)": 0, "('0%', 20, 4)": 0, "('0%', 20, 5)": 0, "('0%', 20, 6)": 0, "('0%', 21, 1)": 0, "('0%', 21, 2)": 0, "('0%', 21, 3)": 0, "('0%', 21, 4)": 0, "('0%', 21, 5)": 0, "('0%', 21, 6)": 0, "('0%', 22, 1)": 0, "('0%', 22, 2)": 0, "('0%', 22, 3)": 0, "('0%', 22, 4)": 0, "('0%', 22, 5)": 0, "('0%', 22, 6)": 0, "('0%', 23, 1)": 0, "('0%', 23, 2)": 0, "('0%', 23, 3)": 0, "('0%', 23, 4)": 0, "('0%', 23, 5)": 0, "('0%', 23, 6)": 0, "('20%', 0, 1)": 0.5, "('20%', 0, 2)": 0.3333333333333333, "('20%', 0, 3)": 0.2, "('20%', 0, 4)": 0.8, "('20%', 0, 5)": 0.5, "('20%', 0, 6)": 0, "('20%', 1, 1)": 0.0, "('20%', 1, 2)": 0.5, "('20%', 1, 3)": 0.5, "('20%', 1, 4)": 0.5, "('20%', 1, 5)": 0.5, "('20%', 1, 6)": 0, "('20%', 2, 1)": 0.5, "('20%', 2, 2)": 0.5, "('20%', 2, 3)": 0.5, "('20%', 2, 4)": 0.5, "('20%', 2, 5)": 0.3333333333333333, "('20%', 2, 6)": 0, "('20%', 3, 1)": 0.5, "('20%', 3, 2)": 0.5, "('20%', 3, 3)": 0.6666666666666666, "('20%', 3, 4)": 0.5, "('20%', 3, 5)": 0.5, "('20%', 3, 6)": 0, "('20%', 4, 1)": 0, "('20%', 4, 2)": 0.5, "('20%', 4, 3)": 0.5, "('20%', 4, 4)": 0.5, "('20%', 4, 5)": 0.75, "('20%', 4, 6)": 0, "('20%', 5, 1)": 0, "('20%', 5, 2)": 0, "('20%', 5, 3)": 0.75, "('20%', 5, 4)": 0.75, "('20%', 5, 5)": 0.3333333333333333, "('20%', 5, 6)": 0, "('20%', 6, 1)": 0, "('20%', 6, 2)": 0.5, "('20%', 6, 3)": 0.875, "('20%', 6, 4)": 0.3333333333333333, "('20%', 6, 5)": 0.5, "('20%', 6, 6)": 0, "('20%', 7, 1)": 0, "('20%', 7, 2)": 0.8, "('20%', 7, 3)": 0.6666666666666666, "('20%', 7, 4)": 0.5, "('20%', 7, 5)": 0.3333333333333333, "('20%', 7, 6)": 0, "('20%', 8, 1)": 0, "('20%', 8, 2)": 0.5, "('20%', 8, 3)": 0.6666666666666666, "('20%', 8, 4)": 0.5, "('20%', 8, 5)": 0.6666666666666666, "('20%', 8, 6)": 0, "('20%', 9, 1)": 0, "('20%', 9, 2)": 0.0, "('20%', 9, 3)": 0.5, "('20%', 9, 4)": 0.5, "('20%', 9, 5)": 0.75, "('20%', 9, 6)": 0, "('20%', 10, 1)": 0, "('20%', 10, 2)": 0, "('20%', 10, 3)": 0.5, "('20%', 10, 4)": 0.5, "('20%', 10, 5)": 0.3333333333333333, "('20%', 10, 6)": 0, "('20%', 11, 1)": 0, "('20%', 11, 2)": 0, "('20%', 11, 3)": 0.5, "('20%', 11, 4)": 0.6666666666666666, "('20%', 11, 5)": 0.3333333333333333, "('20%', 11, 6)": 0, "('20%', 12, 1)": 0, "('20%', 12, 2)": 0, "('20%', 12, 3)": 0, "('20%', 12, 4)": 0, "('20%', 12, 5)": 0.5, "('20%', 12, 6)": 0, "('20%', 13, 1)": 0, "('20%', 13, 2)": 0, "('20%', 13, 3)": 0, "('20%', 13, 4)": 0.5, "('20%', 13, 5)": 0.0, "('20%', 13, 6)": 0, "('20%', 14, 1)": 0, "('20%', 14, 2)": 0, "('20%', 14, 3)": 0, "('20%', 14, 4)": 0, "('20%', 14, 5)": 0, "('20%', 14, 6)": 0, "('20%', 15, 1)": 0, "('20%', 15, 2)": 0, "('20%', 15, 3)": 0, "('20%', 15, 4)": 0, "('20%', 15, 5)": 0.0, "('20%', 15, 6)": 0, "('20%', 16, 1)": 0, "('20%', 16, 2)": 0, "('20%', 16, 3)": 0, "('20%', 16, 4)": 0, "('20%', 16, 5)": 0, "('20%', 16, 6)": 0, "('20%', 17, 1)": 0, "('20%', 17, 2)": 0, "('20%', 17, 3)": 0, "('20%', 17, 4)": 0, "('20%', 17, 5)": 0, "('20%', 17, 6)": 0, "('20%', 18, 1)": 0, "('20%', 18, 2)": 0, "('20%', 18, 3)": 0, "('20%', 18, 4)": 0, "('20%', 18, 5)": 0, "('20%', 18, 6)": 0, "('20%', 19, 1)": 0, "('20%', 19, 2)": 0, "('20%', 19, 3)": 0, "('20%', 19, 4)": 0, "('20%', 19, 5)": 0, "('20%', 19, 6)": 0, "('20%', 20, 1)": 0, "('20%', 20, 2)": 0, "('20%', 20, 3)": 0, "('20%', 20, 4)": 0, "('20%', 20, 5)": 0, "('20%', 20, 6)": 0, "('20%', 21, 1)": 0, "('20%', 21, 2)": 0, "('20%', 21, 3)": 0, "('20%', 21, 4)": 0, "('20%', 21, 5)": 0, "('20%', 21, 6)": 0, "('20%', 22, 1)": 0, "('20%', 22, 2)": 0, "('20%', 22, 3)": 0, "('20%', 22, 4)": 0, "('20%', 22, 5)": 0, "('20%', 22, 6)": 0, "('20%', 23, 1)": 0, "('20%', 23, 2)": 0, "('20%', 23, 3)": 0, "('20%', 23, 4)": 0, "('20%', 23, 5)": 0, "('20%', 23, 6)": 0, "('40%', 0, 1)": 0.0, "('40%', 0, 2)": 0, "('40%', 0, 3)": 0, "('40%', 0, 4)": 0.8333333333333334, "('40%', 0, 5)": 0, "('40%', 0, 6)": 0, "('40%', 1, 1)": 0, "('40%', 1, 2)": 0, "('40%', 1, 3)": 0, "('40%', 1, 4)": 0.8333333333333334, "('40%', 1, 5)": 0.5, "('40%', 1, 6)": 0, "('40%', 2, 1)": 0, "('40%', 2, 2)": 0, "('40%', 2, 3)": 0.6666666666666666, "('40%', 2, 4)": 0.5, "('40%', 2, 5)": 0.6666666666666666, "('40%', 2, 6)": 0, "('40%', 3, 1)": 0.6666666666666666, "('40%', 3, 2)": 0, "('40%', 3, 3)": 0, "('40%', 3, 4)": 0, "('40%', 3, 5)": 0, "('40%', 3, 6)": 0, "('40%', 4, 1)": 0, "('40%', 4, 2)": 0, "('40%', 4, 3)": 0.5, "('40%', 4, 4)": 0.5, "('40%', 4, 5)": 0, "('40%', 4, 6)": 0, "('40%', 5, 1)": 0, "('40%', 5, 2)": 0, "('40%', 5, 3)": 0, "('40%', 5, 4)": 0, "('40%', 5, 5)": 0, "('40%', 5, 6)": 0, "('40%', 6, 1)": 0, "('40%', 6, 2)": 0, "('40%', 6, 3)": 0.8571428571428571, "('40%', 6, 4)": 0, "('40%', 6, 5)": 0, "('40%', 6, 6)": 0, "('40%', 7, 1)": 0, "('40%', 7, 2)": 0, "('40%', 7, 3)": 0, "('40%', 7, 4)": 0.5, "('40%', 7, 5)": 0.75, "('40%', 7, 6)": 0, "('40%', 8, 1)": 0, "('40%', 8, 2)": 0, "('40%', 8, 3)": 0, "('40%', 8, 4)": 0.0, "('40%', 8, 5)": 0, "('40%', 8, 6)": 0, "('40%', 9, 1)": 0, "('40%', 9, 2)": 0, "('40%', 9, 3)": 0, "('40%', 9, 4)": 0, "('40%', 9, 5)": 0, "('40%', 9, 6)": 0, "('40%', 10, 1)": 0, "('40%', 10, 2)": 0, "('40%', 10, 3)": 0, "('40%', 10, 4)": 0, "('40%', 10, 5)": 0, "('40%', 10, 6)": 0,